scenario_idx,K,theta_1,theta_2,tau2_val,rho_b,rho_w,delta_sim,p1,select_type,delta_est,N_Successful,N_Attempts,Failure_Rate,Avg_Redraws,Bias_Full,MSE_Full,Coverage_Full,CI_Width_Full,Bias_Naive_Biv,MSE_Naive_Biv,Coverage_Naive_Biv,CI_Width_Naive_Biv,Bias_Adj_Uni,MSE_Adj_Uni,Coverage_Adj_Uni,CI_Width_Adj_Uni,Bias_Adj_Biv,MSE_Adj_Biv,Coverage_Adj_Biv,CI_Width_Adj_Biv,Fail_Rate_Biv
1,6,0.4,0.4,0,0.4,0.4,0.8,0.2,zscore,0,1900,2500,0.24,0.20157894736842105,-0.0023493272369290996,0.006307271060227337,0.9557894736842105,0.31704590217101003,0.03093016090259665,0.008949960034188385,0.9436842105263158,0.3643629888998612,0.031055333977752175,0.009005763656947129,0.9531578947368421,0.3921166333502956,0.026138930498882773,0.008473379511245101,0.9452631578947368,0.35174582274515037,0
2,12,0.4,0.4,0,0.4,0.4,0.8,0.2,zscore,0,1900,2005,0.05236907730673317,5.263157894736842e-4,-0.0031261990134210382,0.003160090796588137,0.9573684210526315,0.22418678943817769,0.030448346073540744,0.004788439334654203,0.9378947368421052,0.25909368535968763,0.030754470001720213,0.004856132659021155,0.9463157894736842,0.27074985339113217,0.025445422893047687,0.004345997209907631,0.9389473684210526,0.2494843930865628,0
3,25,0.4,0.4,0,0.4,0.4,0.8,0.2,zscore,0,1900,1909,0.004714510214772132,0,-1.3223052180350026e-4,0.0016307886071406812,0.9463157894736842,0.15511328557788026,0.03166396489819007,0.002859391065091396,0.9110526315789473,0.17664718695921405,0.03170936136775426,0.002883651578626068,0.9147368421052632,0.18137474496228514,0.026622140357391577,0.002479672822022424,0.9221052631578948,0.17103666641518436,0
4,6,0.4,0.4,0.02,0.4,0.4,0.8,0.2,zscore,0,1900,2756,0.31059506531204645,0.13578947368421052,-0.009559813548473906,0.008950121116652002,0.9626315789473684,0.39038910213752237,0.03777725368837853,0.013067361459947949,0.9515789473684211,0.4450582000868193,0.037892621607798216,0.013108293196747988,0.9289473684210526,0.4309040998599186,0.029565994294091125,0.01196138804435236,0.95,0.4309091535388161,0
5,12,0.4,0.4,0.02,0.4,0.4,0.8,0.2,zscore,0,1900,2056,0.07587548638132295,5.263157894736842e-4,-0.002672419014764227,0.004845940561726665,0.9568421052631579,0.2759262607674711,0.0401630154459276,0.007463375003300517,0.9263157894736842,0.3118198597033989,0.040225892346260506,0.007481658467214881,0.8989473684210526,0.29832446945710694,0.03346672831558839,0.006816559426294113,0.9284210526315789,0.30238432126392817,0
6,25,0.4,0.4,0.02,0.4,0.4,0.8,0.2,zscore,0,1900,1910,0.005235602094240838,0,-6.201769340178354e-4,0.002461228525685962,0.9494736842105264,0.19109628044324573,0.039551328184770196,0.004220579825065569,0.8984210526315789,0.21330290925846349,0.03958844322537047,0.004223665382030952,0.8726315789473684,0.20061300753587924,0.03315709475049383,0.003668471371484607,0.9105263157894737,0.20777599680242914,0
7,6,0.4,0.4,0.06,0.4,0.4,0.8,0.2,zscore,0,1900,2869,0.33774834437086093,0.11894736842105263,-0.01230393018518594,0.014940678157841033,0.9631578947368421,0.5051687955137043,0.05977350186273772,0.022360132757656245,0.9410526315789474,0.5772025160548427,0.059721154617656924,0.0224328318808323,0.8705263157894737,0.5097711431194655,0.04880667999321203,0.02060291580047885,0.9421052631578948,0.5586638667256003,0
8,12,0.4,0.4,0.06,0.4,0.4,0.8,0.2,zscore,0,1900,2050,0.07317073170731707,0,-0.00554373031259453,0.00849070970180927,0.9457894736842105,0.3573277639350411,0.06006441320775535,0.01248142700057739,0.9252631578947368,0.4012142135918167,0.060014196978880996,0.012497864883062005,0.87,0.36151150965388246,0.04971318360996668,0.01105722951710374,0.9336842105263158,0.3899252630611913,0
9,25,0.4,0.4,0.06,0.4,0.4,0.8,0.2,zscore,0,1900,1910,0.005235602094240838,0,-0.002416644494081188,0.003836105164410178,0.9557894736842105,0.2475417659379324,0.05510686219245636,0.007158359522082552,0.8963157894736842,0.2736115487747154,0.05507140011299977,0.007156359566137499,0.8468421052631578,0.24834182313029446,0.04637066813357693,0.006171259868261184,0.9121052631578948,0.26722561087369756,0
10,6,0.4,0.4,0.36,0.4,0.4,0.8,0.2,zscore,0,1900,2638,0.27975739196360877,0.16736842105263158,-0.02820894767127996,0.05279357761699017,0.9773684210526316,1.0119522647797476,0.1812061242807691,0.09490865666352456,0.9405263157894737,1.1610035458019385,0.18109348378510737,0.09481163238844185,0.8052631578947368,0.8849083357370351,0.1483709980914697,0.08328239137006958,0.9494736842105264,1.1220136470868045,0
11,12,0.4,0.4,0.36,0.4,0.4,0.8,0.2,zscore,0,1900,2019,0.05894006934125805,0,-0.009403513231778626,0.032744943003353184,0.9536842105263158,0.7155973476558521,0.18786197923013637,0.06715533840689605,0.89,0.8174478976551328,0.18772600826213248,0.06724405851578799,0.77,0.6609179718545789,0.15699606364940621,0.05565765075742175,0.9068421052631579,0.7902426649517176,0
12,25,0.4,0.4,0.36,0.4,0.4,0.8,0.2,zscore,0,1900,1906,0.0031479538300104933,0,-0.0020177038469412767,0.016548011569708032,0.9426315789473684,0.4957588673089645,0.18730602668559282,0.05055934571300345,0.7878947368421053,0.5606655290463957,0.1874143305811875,0.05059900406924344,0.6357894736842106,0.45691192886904947,0.1574602616912386,0.03993286727363907,0.8273684210526315,0.5439777804764491,0
13,6,0.4,0.4,0,0.4,0.4,0.8,0.2,zscore,0.2,1900,2536,0.250788643533123,0.21473684210526317,8.752317312297753e-4,0.006025009465338353,0.9605263157894737,0.31690506620732045,0.03556401498430911,0.009289573818135563,0.9473684210526315,0.364409587875463,0.02204532703167761,0.008578862915738375,0.9589473684210527,0.39330088905332894,0.020628359636768345,0.008285827408369133,0.9494736842105264,0.3519797107774544,0
14,12,0.4,0.4,0,0.4,0.4,0.8,0.2,zscore,0.2,1900,1989,0.04474610356963298,0,-0.0027798418763711474,0.003222721131438893,0.95,0.22402656120694334,0.03060752763991198,0.004860911767115606,0.9357894736842105,0.2583208358668086,0.017735036042891006,0.004284040872617372,0.958421052631579,0.26979021754229604,0.015412899981048167,0.00404474835663174,0.9505263157894737,0.24894252840605852,0
15,25,0.4,0.4,0,0.4,0.4,0.8,0.2,zscore,0.2,1900,1905,0.0026246719160104987,0,-5.069418003719739e-4,0.0015965998291502862,0.9536842105263158,0.15512409024448662,0.031241332357617724,0.002867062478293172,0.8963157894736842,0.17699373969367152,0.019732383758581717,0.002308354680019667,0.9363157894736842,0.18151022592457575,0.017303528338096674,0.0021614684264824532,0.9289473684210526,0.17115334338619678,0
16,6,0.4,0.4,0.02,0.4,0.4,0.8,0.2,zscore,0.2,1900,2668,0.28785607196401797,0.15157894736842106,-0.00837085853941083,0.009265866891189974,0.9626315789473684,0.3902048664856085,0.03828146873382532,0.01303758180757084,0.95,0.4452299618978828,0.02163034613871162,0.012153678543728603,0.9263157894736842,0.43210471188014493,0.017207513440618383,0.011499551772932631,0.96,0.4309893027053286,0
17,12,0.4,0.4,0.02,0.4,0.4,0.8,0.2,zscore,0.2,1900,2035,0.06633906633906633,0,-0.005321545131285743,0.00488393080920561,0.9468421052631579,0.2758223519262134,0.03850034856411255,0.007136958730821891,0.9357894736842105,0.31245896939486273,0.02428858929695582,0.006354427537210624,0.9226315789473685,0.295927499161349,0.01864821625215307,0.005936193678031028,0.9510526315789474,0.3028135427134314,0
18,25,0.4,0.4,0.02,0.4,0.4,0.8,0.2,zscore,0.2,1900,1906,0.0031479538300104933,0,1.6710764005489764e-4,0.0024084974926442937,0.9594736842105264,0.1911238906198814,0.040841931472766935,0.00442696902121859,0.8926315789473684,0.21338026884701736,0.02871224727100541,0.0036167827751831167,0.9031578947368422,0.1995889629969364,0.023558567630285687,0.003308891737827895,0.9268421052631579,0.20769006506322107,0
19,6,0.4,0.4,0.06,0.4,0.4,0.8,0.2,zscore,0.2,1900,2885,0.341421143847487,0.12,-0.014695287208099872,0.01425038857053326,0.9657894736842105,0.5055156482077136,0.056695925417180715,0.021276089277297735,0.9468421052631579,0.5762384354992919,0.03336169144753598,0.019344710638858148,0.8968421052631579,0.5084483441734723,0.022451208308155335,0.017965260165393505,0.9605263157894737,0.5578132584161647,0
20,12,0.4,0.4,0.06,0.4,0.4,0.8,0.2,zscore,0.2,1900,2097,0.09394372913686218,0,-0.006747685585520413,0.00798260220706766,0.9526315789473684,0.35730760294339,0.05695191256041954,0.012439708076330897,0.9252631578947368,0.40030942032656613,0.0368486045348968,0.010847846994110177,0.8984210526315789,0.362232619695669,0.027771361586708565,0.009858431280123557,0.9515789473684211,0.3890714125841666,0
21,25,0.4,0.4,0.06,0.4,0.4,0.8,0.2,zscore,0.2,1900,1910,0.005235602094240838,0,-1.892940893705175e-5,0.003933035416108722,0.9510526315789474,0.24745823114373366,0.05568245905624458,0.0072303775769453045,0.8952631578947369,0.2729142114577554,0.03868022712141217,0.005640012267710949,0.891578947368421,0.2472469633672276,0.02993999053620816,0.005093416289808263,0.9410526315789474,0.2665416552811441,0
22,6,0.4,0.4,0.36,0.4,0.4,0.8,0.2,zscore,0.2,1900,2605,0.2706333973128599,0.17894736842105263,-0.02171117740657008,0.05285838304504131,0.9715789473684211,1.012100109501842,0.1863443118619882,0.10183551254281381,0.9352631578947368,1.1602470013754929,0.10734221581536763,0.0784130043388652,0.8315789473684211,0.8922345241565901,0.05948267109427274,0.07152509114225664,0.958421052631579,1.1193226052778038,0
23,12,0.4,0.4,0.36,0.4,0.4,0.8,0.2,zscore,0.2,1900,1998,0.04904904904904905,0,-0.017119724409897785,0.03200093627785174,0.9531578947368421,0.7156209601745673,0.18332566090082214,0.06392876855216972,0.8984210526315789,0.8186481458013709,0.10980456922858295,0.04351394417278022,0.8473684210526315,0.64572753496370106,0.06228547654198746,0.038260672227050804,0.9526315789473684,0.7857453270108002,0
24,25,0.4,0.4,0.36,0.4,0.4,0.8,0.2,zscore,0.2,1900,1907,0.0036706869428421605,0,-0.0014849860831763206,0.015112337042357583,0.9536842105263158,0.4958037137855433,0.18917419295952298,0.049471991757377244,0.7826315789473685,0.5610421850323426,0.12091615970870495,0.02862688639394669,0.7947368421052632,0.45345467646172627,0.07780019307457148,0.021853069640619813,0.9305263157894736,0.5367607360010325,0
25,6,0.4,0.4,0,0.4,0.4,0.8,0.2,zscore,0.4,1900,2555,0.2563600782778865,0.2036842105263158,-0.0017652567778696504,0.005798660344806922,0.9621052631578947,0.3166941778168053,0.031943386991165224,0.008388487380693118,0.9521052631578948,0.3633526825120537,0.004814693458962516,0.0076578185405723025,0.968421052631579,0.3905591110922981,0.007074132835833358,0.00735825337045814,0.9610526315789474,0.35095593358433186,0
26,12,0.4,0.4,0,0.4,0.4,0.8,0.2,zscore,0.4,1900,1997,0.0485728592889334,0,-0.002097409879060319,0.003249441322126377,0.9521052631578948,0.2241571085138314,0.030254013736565444,0.005138380230485655,0.9321052631578948,0.25844709284526696,0.004537200429458543,0.004640257961570915,0.9531578947368421,0.2677064994637796,0.0059724881734194435,0.004312357748884918,0.9431578947368421,0.24884737556589842,0
27,25,0.4,0.4,0,0.4,0.4,0.8,0.2,zscore,0.4,1900,1907,0.0036706869428421605,0,-3.0841008723614394e-4,0.001599985675369467,0.9473684210526315,0.15508933112340006,0.03098913473747794,0.0028196841425914814,0.901578947368421,0.17675900140234319,0.00840852135800746,0.002115187149497473,0.9521052631578948,0.17999239101532546,0.00860772007753735,0.002008057580560574,0.9478947368421052,0.17035426451374272,0
28,6,0.4,0.4,0.02,0.4,0.4,0.8,0.2,zscore,0.4,1900,2722,0.3019838354151359,0.14684210526315788,-0.007722172786943038,0.00869683343411499,0.9642105263157895,0.38993109833728534,0.038030043156544846,0.012482751620309453,0.9505263157894737,0.4449159784587537,0.004967705061184047,0.011510435877882523,0.9321052631578948,0.4323838579093474,0.0037468916874198177,0.01084246910726413,0.9657894736842105,0.43028407861074364,0
29,12,0.4,0.4,0.02,0.4,0.4,0.8,0.2,zscore,0.4,1900,2067,0.08079342041606193,0,-0.004995624059808745,0.004802430553542137,0.958421052631579,0.2759667101094296,0.03722308005413155,0.007060017388754235,0.9273684210526316,0.31169282210781185,0.00849948427852093,0.006237065155735025,0.9310526315789474,0.29810017168657704,0.006518627978920999,0.005870000624397342,0.95,0.30176454393078955,0
30,25,0.4,0.4,0.02,0.4,0.4,0.8,0.2,zscore,0.4,1900,1903,0.0015764582238570678,0,-1.1712244263328841e-5,0.002481880230731855,0.9442105263157895,0.19114106764843675,0.03966856037111938,0.004395586201900153,0.9005263157894737,0.21359043938721278,0.01572225185195114,0.0033238798779190253,0.9163157894736842,0.19820939185815972,0.011276113043979574,0.0030734375572921743,0.9384210526315789,0.20687534538435604,0
31,6,0.4,0.4,0.06,0.4,0.4,0.8,0.2,zscore,0.4,1900,2911,0.34730333218825143,0.12578947368421053,-0.02046458638106502,0.015026980853229769,0.9578947368421052,0.5050945355016023,0.05250954147524772,0.021126309421173422,0.9457894736842105,0.5750908523635601,0.005714048783219627,0.019818350853081156,0.8926315789473684,0.5121810141801811,-0.0027369897789190634,0.018341260959909674,0.9568421052631579,0.5564056777240727,0
32,12,0.4,0.4,0.06,0.4,0.4,0.8,0.2,zscore,0.4,1900,2110,0.0995260663507109,5.263157894736842e-4,-0.007710182954212941,0.007786165593016098,0.9594736842105264,0.3572614655769065,0.056477404369579653,0.012182371621785152,0.9268421052631579,0.40003159460337995,0.017262756055284545,0.009976427415011178,0.91,0.35889016467578366,0.008905501966225415,0.009345189304529164,0.9536842105263158,0.3867871318691652,0
33,25,0.4,0.4,0.06,0.4,0.4,0.8,0.2,zscore,0.4,1900,1911,0.0057561486132914706,0,-0.0023932721637683896,0.003952619698567337,0.9489473684210527,0.2474930657217599,0.056318545873014214,0.007482982272526319,0.8831578947368421,0.2734247196141252,0.023273382045327973,0.005153064159801918,0.8973684210526316,0.2455443430158234,0.013668350260873263,0.004663190964713348,0.9431578947368421,0.2646912634048009,0
34,6,0.4,0.4,0.36,0.4,0.4,0.8,0.2,zscore,0.4,1900,2599,0.26894959599846097,0.19263157894736843,-0.010928043929562703,0.048932055268729714,0.9731578947368421,1.0120072714662811,0.19634193477224615,0.10140587708379815,0.9357894736842105,1.1599148887383532,0.04979887823229601,0.07490948794411638,0.8452631578947368,0.8803467793687401,-0.012693037547970076,0.06809001698792687,0.9631578947368421,1.1008118516029202,0
35,12,0.4,0.4,0.36,0.4,0.4,0.8,0.2,zscore,0.4,1900,2018,0.05847373637264618,0,-0.01623739541933461,0.03265295439219373,0.9531578947368421,0.7156407511652628,0.18011233313049901,0.06386174835696891,0.8963157894736842,0.818934519518901,0.04714779912677591,0.039317291049313544,0.8726315789473684,0.6339181058312147,-0.007152050525865483,0.040725171105653664,0.9421052631578948,0.7573358790603143,0
36,25,0.4,0.4,0.36,0.4,0.4,0.8,0.2,zscore,0.4,1900,1907,0.0036706869428421605,0,-9.142876677408207e-4,0.015269777605416047,0.9568421052631579,0.4957628821679268,0.18809948652765385,0.04975392852944282,0.783157894736842,0.5600343721562081,0.07836085364863665,0.022000378133101035,0.8573684210526316,0.43149313109268184,0.03243984152543394,0.01885425998650049,0.9394736842105263,0.5115308734526804,0
37,6,0.4,0.4,0,0.4,0.4,0.8,0.2,zscore,0.6000000000000001,1900,2554,0.25606891151135475,0.21526315789473685,-0.002243003785873221,0.005891673150716656,0.9621052631578947,0.3168560035237926,0.03265627774430141,0.008570180625315766,0.9505263157894737,0.36407259298112604,-0.007651673352339183,0.00819095002063244,0.9647368421052631,0.38888655242102765,-2.636221175174036e-4,0.007356369019241347,0.96,0.35104666358871084,0
38,12,0.4,0.4,0,0.4,0.4,0.8,0.2,zscore,0.6000000000000001,1900,1978,0.03943377148634985,0,-0.0021207061644352154,0.0033089545316879777,0.9463157894736842,0.2240366832906757,0.031447905378810426,0.005157370273066046,0.9268421052631579,0.2580961558938702,-0.00645882848939755,0.0048546315928411216,0.9473684210526315,0.2661194194826845,-0.0018808874268875786,0.004434444545004404,0.9447368421052632,0.24742937490300232,0
39,25,0.4,0.4,0,0.4,0.4,0.8,0.2,zscore,0.6000000000000001,1900,1903,0.0015764582238570678,0,4.2823935242858324e-4,0.0014658006854148275,0.958421052631579,0.15506494824574124,0.032107554796765414,0.002762002001343692,0.9052631578947369,0.1765420688701994,3.5305021660070324e-4,0.0019195957702102457,0.9573684210526315,0.17608139024829333,0.0019264617585385002,0.001816912025075492,0.9542105263157895,0.16847905027550858,0
40,6,0.4,0.4,0.02,0.4,0.4,0.8,0.2,zscore,0.6000000000000001,1900,2738,0.3060628195763331,0.1368421052631579,-0.00930835617862158,0.009126888470384266,0.9578947368421052,0.3903446868035299,0.041153184941909005,0.013815687547648281,0.9410526315789474,0.4465422225061131,-0.007847340424794902,0.013327875930700445,0.9278947368421052,0.4290059169795106,-0.007754050721308692,0.011843063155527654,0.9505263157894737,0.4303350898330657,0
41,12,0.4,0.4,0.02,0.4,0.4,0.8,0.2,zscore,0.6000000000000001,1900,2070,0.0821256038647343,5.263157894736842e-4,-9.311033608923602e-4,0.004980967130364824,0.95,0.27587202281404005,0.04092922090309009,0.007374095972740501,0.9289473684210526,0.3119965926029732,7.081375575915816e-4,0.006587357138238599,0.9194736842105263,0.2904555247600486,-0.0015290977087719093,0.006187864125859489,0.9442105263157895,0.2992808816169704,0
42,25,0.4,0.4,0.02,0.4,0.4,0.8,0.2,zscore,0.6000000000000001,1900,1902,0.0010515247108307045,0,-6.797421272354831e-4,0.0023034442788730162,0.9605263157894737,0.19116974267826067,0.04065970804931629,0.00427474990566538,0.9026315789473685,0.21391224812065912,0.0059818838558245435,0.002958229620895212,0.921578947368421,0.19536619288884105,0.0018667558248795513,0.002825599116961849,0.9473684210526315,0.20428182813496423,0
43,6,0.4,0.4,0.06,0.4,0.4,0.8,0.2,zscore,0.6000000000000001,1900,2945,0.3548387096774194,0.12052631578947369,-0.018151793145092576,0.014989547522227488,0.9552631578947368,0.5055726009692874,0.05441816101889685,0.02196317628678302,0.9484210526315789,0.5759138279286325,-0.014487794403992338,0.02170852680697765,0.9031578947368422,0.5083979854425404,-0.022175703801152746,0.01961536763573719,0.9542105263157895,0.554230393672357,0
44,12,0.4,0.4,0.06,0.4,0.4,0.8,0.2,zscore,0.6000000000000001,1900,2121,0.10419613389910419,0,-0.004990207999843399,0.008186141160757485,0.9494736842105264,0.357236572526895,0.05831416990955712,0.012681291116352317,0.921578947368421,0.4002596422622689,0.0025586389971807844,0.010781061877357228,0.8889473684210526,0.3511628650411605,-0.005372560983016528,0.010275656910499182,0.9389473684210526,0.382700800155541,0
45,25,0.4,0.4,0.06,0.4,0.4,0.8,0.2,zscore,0.6000000000000001,1900,1912,0.006276150627615063,0,2.0346873185445036e-4,0.003801673395502572,0.9589473684210527,0.24745461752001333,0.05818604537595007,0.007388200598788921,0.8963157894736842,0.27382895057770623,0.011979424550882911,0.004692535255878223,0.9063157894736842,0.2407663772609233,0.002592563305802209,0.004500714833810238,0.9442105263157895,0.259841993921445,0
46,6,0.4,0.4,0.36,0.4,0.4,0.8,0.2,zscore,0.6000000000000001,1900,2613,0.27286643704554153,0.17,-0.017446817177838636,0.050449794710011625,0.9757894736842105,1.0120194067652977,0.1899112877601734,0.09912474606719926,0.9342105263157895,1.160431734565876,-0.004570422046500988,0.07503896415730105,0.8521052631578947,0.8552487370496433,-0.08361843841123184,0.0804636798951519,0.9336842105263158,1.0706145761941506,0
47,12,0.4,0.4,0.36,0.4,0.4,0.8,0.2,zscore,0.6000000000000001,1900,2022,0.06033630069238378,0,-0.007892767740482753,0.030500183319701214,0.9610526315789474,0.7156174474106687,0.1887097266327108,0.0656667447693865,0.8994736842105263,0.8170169476735495,0.02698631922890321,0.03696169176514711,0.8668421052631579,0.6092991861935283,-0.03277928027335897,0.04070486918525702,0.9289473684210526,0.7359813947994718,0
48,25,0.4,0.4,0.36,0.4,0.4,0.8,0.2,zscore,0.6000000000000001,1900,1906,0.0031479538300104933,0,9.1018067378007e-4,0.015388736725105623,0.9510526315789474,0.4957853567930956,0.1892224723514203,0.04997164034192329,0.7773684210526316,0.5592966511003294,0.06406373254499331,0.01946971241611414,0.8542105263157894,0.4214774085981852,0.019403038197748967,0.017177682944592657,0.9415789473684211,0.5012722972235161,0
49,6,0.4,0.4,0,0.4,0.4,0.8,0.2,zscore,0.8,1900,2471,0.2310805341966815,0.19473684210526315,1.7439001482866257e-4,0.0063291958529879495,0.9557894736842105,0.3166302152620832,0.033134589932869274,0.009264821992200337,0.9394736842105263,0.3631287869220647,-0.019798738947952754,0.00950835264493171,0.9547368421052631,0.3869262651090903,-0.009653166368667088,0.008292552400153919,0.95,0.3495151984682116,0
50,12,0.4,0.4,0,0.4,0.4,0.8,0.2,zscore,0.8,1900,1992,0.04618473895582329,0,-9.151937185719605e-4,0.0030933633790986405,0.9568421052631579,0.22408828387296217,0.03157629031901582,0.004716050992638776,0.9410526315789474,0.25795937225273113,-0.01673000264015112,0.0049677339348256026,0.9421052631578948,0.26191606824036473,-0.0095980141741977,0.004261288631702912,0.9421052631578948,0.24477327939685942,0
51,25,0.4,0.4,0,0.4,0.4,0.8,0.2,zscore,0.8,1900,1902,0.0010515247108307045,0,5.984334769123523e-4,0.0015659401014549866,0.9563157894736842,0.15508722632002042,0.03287028390318869,0.002956123543016442,0.8952631578947369,0.17683533007772656,-0.006944207779754408,0.002281753680717718,0.9321052631578948,0.1728306405036195,-0.0043127149400647435,0.002040634884251575,0.9363157894736842,0.1658156879859272,0
52,6,0.4,0.4,0.02,0.4,0.4,0.8,0.2,zscore,0.8,1900,2646,0.2819349962207105,0.1405263157894737,-0.010690026243772632,0.009323630883171218,0.9578947368421052,0.3903501134257407,0.03763991250953613,0.013631832942629653,0.9463157894736842,0.44731934537907525,-0.027961676754051867,0.014761320909323633,0.9173684210526316,0.4269261465031593,-0.025283858347548704,0.012990979486633232,0.9394736842105263,0.4294435283387237,0
53,12,0.4,0.4,0.02,0.4,0.4,0.8,0.2,zscore,0.8,1900,2066,0.0803484995159729,0,-2.809769378330218e-4,0.005167719508706528,0.9426315789473684,0.27596798859506644,0.04285634528248089,0.007852880404914594,0.9278947368421052,0.3116216003929547,-0.008788979635588057,0.007272572441477375,0.9036842105263158,0.28716055678206814,-0.009773259015039837,0.006800708658364808,0.9236842105263158,0.29627993574152445,0
54,25,0.4,0.4,0.02,0.4,0.4,0.8,0.2,zscore,0.8,1900,1907,0.0036706869428421605,0,0.0017812054196514882,0.0025045181681310536,0.9394736842105263,0.19108105727221752,0.04181310458461657,0.0044535388190761,0.88,0.21341736167587944,-2.056965814498657e-4,0.003076129473996659,0.9142105263157895,0.19254314834387834,-0.0039041087568694732,0.003071181928173106,0.9336842105263158,0.2004479366584431,0
55,6,0.4,0.4,0.06,0.4,0.4,0.8,0.2,zscore,0.8,1900,2927,0.35087119918004783,0.13526315789473684,-0.011332986214959373,0.015584989079400391,0.9531578947368421,0.505324089422426,0.06181293820349326,0.02315103080748541,0.9405263157894737,0.5753354665536777,-0.023879655384743126,0.023265139591092762,0.8821052631578947,0.4990841854674792,-0.03451357237138475,0.021500594379232525,0.94,0.5485586341591046,0
56,12,0.4,0.4,0.06,0.4,0.4,0.8,0.2,zscore,0.8,1900,2110,0.0995260663507109,0,-0.005947129142324481,0.008179433715516604,0.9505263157894737,0.3573560366417976,0.05810242692393941,0.01241096512356511,0.9321052631578948,0.40159523205426484,-0.01030833226068284,0.010830170394578474,0.8836842105263157,0.34428655410225545,-0.022083433222831184,0.011212216029258076,0.9247368421052632,0.37721587382766164,0
57,25,0.4,0.4,0.06,0.4,0.4,0.8,0.2,zscore,0.8,1900,1918,0.009384775808133473,0,0.003841032796222499,0.0038981524701365584,0.9552631578947368,0.24753286095026492,0.061421211348362315,0.007942794581489106,0.8752631578947369,0.27337744840291195,0.007668033430860199,0.004799385054191096,0.9021052631578947,0.23662048113456582,-0.0010768134405159113,0.004663530611382575,0.9389473684210526,0.25530371837879373,0
58,6,0.4,0.4,0.36,0.4,0.4,0.8,0.2,zscore,0.8,1900,2604,0.27035330261136714,0.15578947368421053,-0.015214507538959199,0.04988110173812829,0.9789473684210527,1.0119049729149436,0.1944855425466957,0.10036684736735209,0.9331578947368421,1.1618652910262768,-0.030066380593788244,0.07709226747763528,0.8294736842105264,0.8284746503834217,-0.11785987879685067,0.08909497486787567,0.9231578947368421,1.0454920657487672,0
59,12,0.4,0.4,0.36,0.4,0.4,0.8,0.2,zscore,0.8,1900,2024,0.06126482213438735,0,-0.010033010529345854,0.030856779018635178,0.9573684210526315,0.7156003364316358,0.19299315936407713,0.06754574076392929,0.8942105263157895,0.8202547522794834,0.012536737366026673,0.036315991795928974,0.8621052631578947,0.5999402055632418,-0.04890295407862849,0.04216242507448963,0.9157894736842105,0.7253248091060561,0
60,25,0.4,0.4,0.36,0.4,0.4,0.8,0.2,zscore,0.8,1900,1902,0.0010515247108307045,0,-0.003567132340932866,0.015155527400423759,0.9547368421052631,0.4957859432381783,0.18733491020419513,0.049883355765889044,0.7863157894736842,0.5612840954070847,0.05438118570255157,0.018667015181839726,0.858421052631579,0.413875886646602,0.009123816465210377,0.01678011954311269,0.9478947368421052,0.49797289962622504,0
61,6,0.4,0.4,0,0.4,0.4,0.8,0.2,zscore,1,1900,2572,0.26127527216174184,0.2026315789473684,0.001235796433515235,0.006126173823718527,0.9594736842105264,0.3172801097089213,0.03564917593212413,0.00920105111429179,0.9426315789473684,0.3638528969305644,-0.028361577133154625,0.010207905504552731,0.9426315789473684,0.38340642163496874,-0.014980524707513043,0.008346529626305572,0.9452631578947368,0.3486487315005731,0
62,12,0.4,0.4,0,0.4,0.4,0.8,0.2,zscore,1,1900,1993,0.04666332162568992,0,9.146258775888372e-5,0.0032336213957441526,0.9505263157894737,0.22401516233053187,0.03294176373850999,0.005137492963841218,0.9273684210526316,0.25913286346044084,-0.02476087426294238,0.005832627528205562,0.9057894736842105,0.2565217747745867,-0.016635056711916896,0.004956804357930493,0.9205263157894736,0.24160916138292574,0
63,25,0.4,0.4,0,0.4,0.4,0.8,0.2,zscore,1,1900,1907,0.0036706869428421605,0,7.475510984625289e-4,0.0014868702700145875,0.9542105263157895,0.15503941842502836,0.032760765315249074,0.0028325680737635024,0.9073684210526316,0.17651406244012494,-0.01141858686352587,0.0021345023354083278,0.9278947368421052,0.16875167830371984,-0.009244017160872475,0.0019987103242114696,0.9305263157894736,0.1627924265951642,0
64,6,0.4,0.4,0.02,0.4,0.4,0.8,0.2,zscore,1,1900,2725,0.30275229357798167,0.1368421052631579,-0.008580648559731563,0.008862991075700644,0.9542105263157895,0.3900237210376684,0.03741957254694239,0.012538910545974847,0.9573684210526315,0.4460454860900092,-0.041450314926476994,0.015071426689075311,0.911578947368421,0.42435851788907286,-0.036833929280572,0.012917961084549838,0.9347368421052632,0.42513928073726687,0
65,12,0.4,0.4,0.02,0.4,0.4,0.8,0.2,zscore,1,1900,2066,0.0803484995159729,0,-0.0057215302995194395,0.004804075426151664,0.9526315789473684,0.2759863498979044,0.03698056368581104,0.007127942166485319,0.9394736842105263,0.3121281350512938,-0.023240090887499565,0.007463672375913244,0.8910526315789473,0.28356488728929113,-0.025365614253348268,0.007195745299540594,0.9152631578947369,0.29229464042350656,0
66,25,0.4,0.4,0.02,0.4,0.4,0.8,0.2,zscore,1,1900,1906,0.0031479538300104933,0,7.194143713953882e-4,0.0023006378913365006,0.9542105263157895,0.19118530806077821,0.0403438041949053,0.0041558631913322,0.9084210526315789,0.21382527084895048,-0.006862132272897392,0.0030105331311889925,0.9094736842105263,0.1886915415389719,-0.010730981567595888,0.0030075566279348775,0.9289473684210526,0.19762002065396642,0
67,6,0.4,0.4,0.06,0.4,0.4,0.8,0.2,zscore,1,1900,2846,0.3323963457484188,0.10105263157894737,-0.01683951899408953,0.01456067489330813,0.9610526315789474,0.5055612243117142,0.055920176638808605,0.02171036158786567,0.95,0.5763884401633017,-0.045491074103371776,0.024771344593525518,0.8589473684210527,0.4933393097410776,-0.057332026464747166,0.02305896711075153,0.9263157894736842,0.542064857962813,0
68,12,0.4,0.4,0.06,0.4,0.4,0.8,0.2,zscore,1,1900,2097,0.09394372913686218,0,-0.0041053270286913746,0.008008392620368383,0.9605263157894737,0.3572114434982132,0.06056378665108869,0.013023475320423764,0.9284210526315789,0.4007050901800604,-0.018519435785473715,0.011801727510641612,0.8694736842105263,0.34149771017435093,-0.027342524745451513,0.011771349290819045,0.9126315789473685,0.37150648138791287,0
69,25,0.4,0.4,0.06,0.4,0.4,0.8,0.2,zscore,1,1900,1915,0.007832898172323759,0,-0.0019408400894214695,0.004011478070461099,0.9473684210526315,0.24748298890778236,0.054928181346179494,0.007111632688299148,0.8952631578947369,0.2737132403887907,-0.0034339654487255955,0.004750141426892082,0.901578947368421,0.23159931387741803,-0.012437543464367817,0.004962201080874937,0.9210526315789473,0.2521404969290147,0
70,6,0.4,0.4,0.36,0.4,0.4,0.8,0.2,zscore,1,1900,2602,0.2697924673328209,0.18421052631578946,-0.01730577967187541,0.05197216671566221,0.9731578947368421,1.012077557310455,0.19093392388693609,0.10149945870048271,0.9284210526315789,1.1615045333047282,-0.04875246318638571,0.07829679548087723,0.8231578947368421,0.8246416544097301,-0.14089667596259414,0.0934191386912132,0.9057894736842105,1.0316846954080432,0
71,12,0.4,0.4,0.36,0.4,0.4,0.8,0.2,zscore,1,1900,2011,0.055196419691695676,0,-0.014614151251963359,0.030832734142764683,0.9631578947368421,0.7155812008304732,0.1841127237284229,0.06328412075690316,0.9026315789473685,0.8173478928741366,-0.006426087294159888,0.03480489721660836,0.8763157894736842,0.6003540860565738,-0.06340966941820392,0.04169159470361487,0.9226315789473685,0.7206268553947933,0
72,25,0.4,0.4,0.36,0.4,0.4,0.8,0.2,zscore,1,1900,1906,0.0031479538300104933,0,-0.005176900041443888,0.01598165823215658,0.9447368421052632,0.4957854872940595,0.1859941288107415,0.04914551192919603,0.7773684210526316,0.5605782783867101,0.05032861375598452,0.018362718819280352,0.8631578947368421,0.41600041234603313,0.006583863175294191,0.016808987511622808,0.9505263157894737,0.4968056812317229,0
73,6,0.4,0.4,0,0.4,0.4,0.8,0.2,effect,0,1900,2690,0.2936802973977695,0.14894736842105263,-0.0022671496774857025,0.006465022096971077,0.9531578947368421,0.31695211746511764,0.004832959355268174,0.008459444468514701,0.9536842105263158,0.36316084907729496,0.0049455791968811,0.008513404345343678,0.9636842105263158,0.4004544374333416,0.004120190831004067,0.008124860633670426,0.9457894736842105,0.35120210653301925,0
74,12,0.4,0.4,0,0.4,0.4,0.8,0.2,effect,0,1900,2047,0.0718124084025403,0,-1.9633923908235484e-4,0.003439019612427754,0.9447368421052632,0.22405847827552042,0.005670816741555895,0.004525411160629493,0.9405263157894737,0.2551738629748242,0.005883502795306417,0.004527048300298196,0.9505263157894737,0.2722491517724338,0.005085933401694109,0.004357224710857363,0.9389473684210526,0.24700077137046267,0
75,25,0.4,0.4,0,0.4,0.4,0.8,0.2,effect,0,1900,1909,0.004714510214772132,0,-0.0016730479054540837,0.0016356845608935246,0.9442105263157895,0.15507363097170015,0.0038244993114742165,0.002031168119779133,0.9489473684210527,0.17429698313989744,0.0037877004259580516,0.002040479571812866,0.9573684210526315,0.18239578932662812,0.002930597467040663,0.0019791591004424043,0.9436842105263158,0.1695693554270408,0
76,6,0.4,0.4,0.02,0.4,0.4,0.8,0.2,effect,0,1900,2736,0.3055555555555556,0.15894736842105264,-0.0028619682149810255,0.010043386691856452,0.9552631578947368,0.39022692530984604,0.0094879178823849,0.013360840179172393,0.9436842105263158,0.44748103929336325,0.009468596117703454,0.013386721911124205,0.9278947368421052,0.4520610537429104,0.006605442189781541,0.013002904167311263,0.9389473684210526,0.4325690811384684,0
77,12,0.4,0.4,0.02,0.4,0.4,0.8,0.2,effect,0,1900,2043,0.06999510523739598,0,-8.826267897424911e-4,0.005091308204570924,0.9505263157894737,0.2758841765289049,0.009734104803060306,0.006606503353891897,0.9473684210526315,0.31302117115664513,0.009823896840987334,0.006632280856586331,0.9326315789473684,0.3102007978560909,0.008001640196523996,0.006307352580544242,0.9473684210526315,0.3032762859080076,0
78,25,0.4,0.4,0.02,0.4,0.4,0.8,0.2,effect,0,1900,1908,0.0041928721174004195,0,-0.0030529190449589128,0.0023898403607480693,0.9405263157894737,0.19108889263487003,0.005854206015468932,0.0030122282514865226,0.9494736842105264,0.21477899152137728,0.005778281681536879,0.0030241701499868056,0.9331578947368421,0.21010917157530434,0.004514479582927278,0.0028986252771073394,0.9457894736842105,0.20879287632630728,0
79,6,0.4,0.4,0.06,0.4,0.4,0.8,0.2,effect,0,1900,2663,0.2865189635749155,0.1668421052631579,0.002021748597877182,0.016610700355009434,0.9447368421052632,0.5051801894076645,0.01909950554945944,0.02165958470813831,0.9557894736842105,0.5767932598151531,0.018909371461055036,0.021617466399542287,0.8931578947368422,0.540479164154287,0.01613216024492442,0.02089523475173901,0.9526315789473684,0.5582509697264273,0
80,12,0.4,0.4,0.06,0.4,0.4,0.8,0.2,effect,0,1900,2042,0.06953966699314397,0,-0.002423142166545378,0.008179930983993163,0.9489473684210527,0.3573330244850577,0.015768641475103706,0.010485129657465375,0.9547368421052631,0.40662079557520076,0.01591377515150111,0.010511876188397204,0.9168421052631579,0.3882476754352226,0.012929473990314744,0.010071785574819563,0.9536842105263158,0.3937012955468905,0
81,25,0.4,0.4,0.06,0.4,0.4,0.8,0.2,effect,0,1900,1903,0.0015764582238570678,0,-0.001935918890604127,0.004303138999274876,0.9442105263157895,0.24751757615469394,0.015920485203464563,0.0054484974157510664,0.9478947368421052,0.27913697935363685,0.015950659118036836,0.00545056526386833,0.9189473684210526,0.269961468113477,0.013031124288658769,0.005235652885336744,0.9421052631578948,0.2710631491431479,0
82,6,0.4,0.4,0.36,0.4,0.4,0.8,0.2,effect,0,1900,2591,0.2666923967580085,0.1731578947368421,-0.005949084042818298,0.06616977094351922,0.9531578947368421,1.012064862376946,0.07214690500572346,0.0930549799085906,0.9384210526315789,1.159924070201775,0.07225606305706367,0.09331278701251629,0.8463157894736842,1.0390481231395645,0.05905363989416107,0.08700635563497543,0.9426315789473684,1.1214136342674874,0
83,12,0.4,0.4,0.36,0.4,0.4,0.8,0.2,effect,0,1900,1998,0.04904904904904905,0,-0.00571403333494408,0.03344749063687479,0.9452631578947368,0.7156357687933886,0.06017418789417489,0.04559742929998007,0.9457894736842105,0.8182937966909197,0.05988560051907865,0.045609870334865764,0.8973684210526316,0.7607981347262035,0.05016229413777917,0.04234565482271385,0.9447368421052632,0.790821056368281,0
84,25,0.4,0.4,0.36,0.4,0.4,0.8,0.2,effect,0,1900,1904,0.0021008403361344537,0,0.002792562889441186,0.01490173244277436,0.9552631578947368,0.4958160819135409,0.06458723724597104,0.022897871634141448,0.9368421052631579,0.55974674669937,0.06465401185626979,0.022936721182924676,0.9057894736842105,0.5344448734078358,0.055681897883831044,0.021065382709640486,0.9410526315789474,0.5436293013962424,0
85,6,0.4,0.4,0,0.4,0.4,0.8,0.2,effect,0.2,1900,2660,0.2857142857142857,0.15894736842105264,0.003497566773990435,0.006381017329655982,0.9568421052631579,0.3168966064473497,0.011641065600057565,0.00878438086384355,0.9521052631578948,0.36355945739842793,0.009080734721387707,0.008731913255397907,0.96,0.39870632497822445,0.008363096058562336,0.008450970631213734,0.9484210526315789,0.3514101471141481,0
86,12,0.4,0.4,0,0.4,0.4,0.8,0.2,effect,0.2,1900,2041,0.06908378245957864,0,0.0011298237982392267,0.00332086380492462,0.9478947368421052,0.22399310418955842,0.008583156390989832,0.004359336769439247,0.9484210526315789,0.255406685323961,0.006031596981952325,0.004352060225498821,0.9521052631578948,0.2726870368455258,0.005503003413403873,0.004152477620739084,0.9426315789473684,0.24714745955208547,0
87,25,0.4,0.4,0,0.4,0.4,0.8,0.2,effect,0.2,1900,1907,0.0036706869428421605,0,8.546289898059833e-4,0.0015451115027637406,0.9494736842105264,0.1551448334260464,0.007341376998457272,0.002081739837394136,0.9463157894736842,0.17435733488613112,0.005362030360637482,0.0020745171240247264,0.9515789473684211,0.18179680087595043,0.004897239340688364,0.001966792374305778,0.9457894736842105,0.1695782761293473,0
88,6,0.4,0.4,0.02,0.4,0.4,0.8,0.2,effect,0.2,1900,2659,0.28544565626175256,0.14736842105263157,-0.0013711887419803337,0.010025844884636344,0.9426315789473684,0.39002734975962167,0.010089973816807762,0.012968703048062968,0.9468421052631579,0.44776937685183293,0.006422159238522074,0.012941909307637105,0.9252631578947368,0.45085239744531763,0.005763189723651363,0.01235117829617938,0.9431578947368421,0.4328139486362809,0
89,12,0.4,0.4,0.02,0.4,0.4,0.8,0.2,effect,0.2,1900,2026,0.06219151036525173,0,-0.003568716857345333,0.004856709608162136,0.9489473684210527,0.2759359124705604,0.006383767662325013,0.006270219467816289,0.9521052631578948,0.3142645108142137,0.0032239051072956437,0.006239391103055529,0.9357894736842105,0.3117509350785218,0.0018306888356821593,0.005997057521634309,0.9505263157894737,0.3040549226077608,0
90,25,0.4,0.4,0.02,0.4,0.4,0.8,0.2,effect,0.2,1900,1909,0.004714510214772132,0,4.260325840212964e-4,0.002249719473984611,0.9573684210526315,0.19112534747741572,0.010622052669064075,0.0030261191342445914,0.9526315789473684,0.21504214320430146,0.007807487898091603,0.002982844827779108,0.9415789473684211,0.21217524415152092,0.006761427792957075,0.002851265776108901,0.9510526315789474,0.20900407062081983,0
91,6,0.4,0.4,0.06,0.4,0.4,0.8,0.2,effect,0.2,1900,2663,0.2865189635749155,0.1794736842105263,0.0018555803560691975,0.016055159687640777,0.9568421052631579,0.5050556232042145,0.020136331050205902,0.02184822115303548,0.9468421052631579,0.576802973289799,0.014290415719324379,0.021604101354349967,0.9021052631578947,0.549999183316695,0.012917918605615974,0.020983466572875534,0.9478947368421052,0.5583397435598825,0
92,12,0.4,0.4,0.06,0.4,0.4,0.8,0.2,effect,0.2,1900,2026,0.06219151036525173,0,5.056503918491329e-4,0.008384210208180075,0.9494736842105264,0.35711120116896095,0.01747387505863396,0.011425324245876365,0.9442105263157895,0.4066055413588766,0.012234605344454308,0.011272160920994017,0.9031578947368422,0.3855835227236267,0.010549041233086753,0.010792840300960371,0.9405263157894737,0.39352273474937205,0
93,25,0.4,0.4,0.06,0.4,0.4,0.8,0.2,effect,0.2,1900,1908,0.0041928721174004195,0,-6.304711485116687e-5,0.0038145867429431545,0.9526315789473684,0.24755830696153536,0.016426905771371403,0.005142544120849,0.9436842105263158,0.2783653211386869,0.011822987609484414,0.005027981258288798,0.9263157894736842,0.26918338064017466,0.00981186692387298,0.00484029930133917,0.9410526315789474,0.27062794579664473,0
94,6,0.4,0.4,0.36,0.4,0.4,0.8,0.2,effect,0.2,1900,2608,0.2714723926380368,0.18263157894736842,-0.006185148056170653,0.0636782792679151,0.9563157894736842,1.0121212877146004,0.07014772955604692,0.08975188741706525,0.9473684210526315,1.1627440559790827,0.04782889433279297,0.08797994582726443,0.8705263157894737,1.0671846659880069,0.03820762987923815,0.08413782365039314,0.9463157894736842,1.1232608987206716,0
95,12,0.4,0.4,0.36,0.4,0.4,0.8,0.2,effect,0.2,1900,2001,0.050474762618690654,0,-0.0018071922578875577,0.03299586768071059,0.9536842105263158,0.7155726683141287,0.0708728852013007,0.0474247896825675,0.9415789473684211,0.8210756431875945,0.049587426347885155,0.044897812827765254,0.8984210526315789,0.7664315346540476,0.04053211315717775,0.04262065079713906,0.9463157894736842,0.7924337516071746,0
96,25,0.4,0.4,0.36,0.4,0.4,0.8,0.2,effect,0.2,1900,1905,0.0026246719160104987,0,1.2744874208925339e-4,0.0153116607773578,0.9557894736842105,0.4957561210730612,0.06301330108072672,0.0238464814909819,0.9352631578947368,0.5614198992195851,0.043859582551766696,0.021890937491691173,0.9226315789473685,0.5336369228524305,0.03676997390126524,0.020497136302911934,0.9489473684210527,0.5444207004300818,0
97,6,0.4,0.4,0,0.4,0.4,0.8,0.2,effect,0.4,1900,2635,0.27893738140417457,0.14578947368421052,-3.0566676885457333e-4,0.006665364774127646,0.9489473684210527,0.317156263767826,0.007685572897976334,0.008678059119020419,0.9426315789473684,0.36288981103172424,0.00223235232554031,0.008656053457380198,0.9568421052631579,0.39394057080389694,0.003045060785854925,0.008388953125688783,0.94,0.35107671979030824,0
98,12,0.4,0.4,0,0.4,0.4,0.8,0.2,effect,0.4,1900,2031,0.06450024618414574,0,9.960496656060691e-4,0.003334631068541715,0.9510526315789474,0.22392270823237048,0.008758984242722312,0.004374390179885144,0.9494736842105264,0.2550137648364332,0.003831619030175537,0.004358602957036162,0.9563157894736842,0.27171797628693006,0.003971449503351876,0.004157986560784982,0.9505263157894737,0.24682563098928967,0
99,25,0.4,0.4,0,0.4,0.4,0.8,0.2,effect,0.4,1900,1906,0.0031479538300104933,0,-4.5191461580729175e-4,0.001568116674274742,0.9489473684210527,0.15511667417718922,0.006045498785848202,0.002033705255447702,0.9478947368421052,0.1743718354085991,0.0019142292651219694,0.0020035155714866874,0.9563157894736842,0.1827029964193665,0.0018535972619340702,0.0019292306631039063,0.9478947368421052,0.16955856617663842,0
100,6,0.4,0.4,0.02,0.4,0.4,0.8,0.2,effect,0.4,1900,2650,0.2830188679245283,0.1436842105263158,-0.003175957488859904,0.00972712296205016,0.9536842105263158,0.390124121866501,0.007946729520900142,0.012810154394769936,0.9510526315789474,0.4466981460455289,5.265170031681365e-4,0.012782019565553207,0.9336842105263158,0.45015763740804465,0.0010583147782674551,0.01243509946318399,0.9478947368421052,0.4320397180751698,0
101,12,0.4,0.4,0.02,0.4,0.4,0.8,0.2,effect,0.4,1900,2020,0.0594059405940594,0,9.294331822600754e-4,0.00493763053777958,0.9447368421052632,0.27597456953362914,0.011835896485886344,0.006630011520298129,0.9494736842105264,0.31427975423812704,0.005338259611317564,0.00655751907923531,0.9252631578947368,0.3106880703436606,0.004739704653623278,0.006283026406653381,0.9447368421052632,0.3042612599466742,0
102,25,0.4,0.4,0.02,0.4,0.4,0.8,0.2,effect,0.4,1900,1910,0.005235602094240838,0,6.122134662707168e-4,0.0023929886117096326,0.9531578947368421,0.19115830953565122,0.01041788069680577,0.0031408799399214927,0.9457894736842105,0.21509008047418493,0.004784513444854921,0.003073786986546204,0.9363157894736842,0.21196705699883805,0.0043797061461117726,0.0029593418081213527,0.9447368421052632,0.20896101043625667,0
103,6,0.4,0.4,0.06,0.4,0.4,0.8,0.2,effect,0.4,1900,2677,0.2902502801643631,0.15842105263157893,-0.0024361159135732335,0.01749273511968827,0.9447368421052632,0.505251528166449,0.01451368760474503,0.023400718933332145,0.9463157894736842,0.5776295185029928,0.0033275399048926513,0.02335373350217871,0.8847368421052632,0.5432783112922205,0.003526321608123606,0.022039362658523895,0.9457894736842105,0.558792575923547,0
104,12,0.4,0.4,0.06,0.4,0.4,0.8,0.2,effect,0.4,1900,2067,0.08079342041606193,0,9.106131858853117e-4,0.00804181946833275,0.9510526315789474,0.35721387281892,0.01861887423407338,0.011205505678942521,0.9452631578947368,0.4064600678448563,0.008782325928507306,0.011102750155562245,0.9052631578947369,0.38572403277049505,0.007682545211410041,0.010457722977372746,0.9389473684210526,0.3935151807298175,0
105,25,0.4,0.4,0.06,0.4,0.4,0.8,0.2,effect,0.4,1900,1903,0.0015764582238570678,0,-1.5862388177861897e-4,0.004250501944893138,0.9368421052631579,0.24749196349802716,0.016339196306028758,0.005512502208057704,0.9352631578947368,0.2791041112260241,0.006948571785172497,0.00531797634250453,0.9194736842105263,0.2706040708514266,0.005933686854611597,0.005157731976296998,0.9405263157894737,0.2711631204619514,0
106,6,0.4,0.4,0.36,0.4,0.4,0.8,0.2,effect,0.4,1900,2644,0.2813918305597579,0.1631578947368421,0.006150977516659606,0.06807980436623204,0.9489473684210527,1.0120112717623937,0.07459498853804708,0.09340141467128876,0.9436842105263158,1.1608523511441864,0.031419618866928956,0.09059080400363667,0.861578947368421,1.0588044758360222,0.027346760832971995,0.08724170898166114,0.9405263157894737,1.122057011468472,0
107,12,0.4,0.4,0.36,0.4,0.4,0.8,0.2,effect,0.4,1900,2022,0.06033630069238378,0,-0.002613627298606147,0.032611031967555056,0.9526315789473684,0.7156445912161038,0.06600299295648865,0.047643083075292546,0.9363157894736842,0.8231243030500316,0.021973153020060587,0.04586218556163101,0.9078947368421053,0.7743492482307851,0.018211571452337594,0.042668728367525804,0.9478947368421052,0.7931982484719391,0
108,25,0.4,0.4,0.36,0.4,0.4,0.8,0.2,effect,0.4,1900,1906,0.0031479538300104933,0,0.002580990319050569,0.015793741269631043,0.9505263157894737,0.4957929631602741,0.06560027831325826,0.023243843476863008,0.9336842105263158,0.560643640352202,0.027375716911289205,0.020388129067879644,0.9226315789473685,0.5379688020724487,0.022940943533904468,0.018906547244114037,0.9531578947368421,0.5436247956570973,0
109,6,0.4,0.4,0,0.4,0.4,0.8,0.2,effect,0.6000000000000001,1900,2702,0.29681717246484085,0.17,-0.002927002706475279,0.006583890960261726,0.9552631578947368,0.3169726673443715,0.0059787543875495786,0.008823534339288942,0.9505263157894737,0.3637365543168644,-0.002422919586736183,0.008839105817311297,0.9578947368421052,0.3968237243616515,-6.684701779002267e-4,0.008380008096041655,0.9484210526315789,0.35155079288288715,0
110,12,0.4,0.4,0,0.4,0.4,0.8,0.2,effect,0.6000000000000001,1900,2038,0.06771344455348381,0,5.061698421969241e-4,0.003357447448693052,0.9484210526315789,0.2239809045537636,0.007217291974430884,0.004542047327527258,0.9447368421052632,0.25502365823959394,-2.1266347495380034e-4,0.0045489779282644515,0.9563157894736842,0.27292839528693447,8.68432303512634e-4,0.004338889964333575,0.9452631578947368,0.24688747645161627,0
111,25,0.4,0.4,0,0.4,0.4,0.8,0.2,effect,0.6000000000000001,1900,1906,0.0031479538300104933,0,0.0010189729564476502,0.0015589478555032236,0.95,0.15506413347674508,0.007189921693854628,0.00204135229562164,0.9410526315789474,0.17416433047416183,0.001120607046361799,0.0020029193147086733,0.9494736842105264,0.18172732816305598,0.001826944149988352,0.0019459433216552132,0.9352631578947368,0.16934197861932632,0
112,6,0.4,0.4,0.02,0.4,0.4,0.8,0.2,effect,0.6000000000000001,1900,2663,0.2865189635749155,0.16263157894736843,1.8724119429608388e-4,0.00975742888842122,0.9526315789473684,0.3902891362893345,0.009486819242101263,0.01315578881915682,0.9494736842105264,0.4468181171040213,-0.001580915470233979,0.013150606552739315,0.9263157894736842,0.4496992388772804,-2.4698686013208127e-4,0.012564452338244565,0.9536842105263158,0.4321478141816089,0
113,12,0.4,0.4,0.02,0.4,0.4,0.8,0.2,effect,0.6000000000000001,1900,2042,0.06953966699314397,0,-5.659822342081178e-4,0.004790181168556016,0.9552631578947368,0.2760111176593453,0.010531729759121311,0.006240839189318671,0.958421052631579,0.3144281302657816,9.094224170431153e-4,0.006142046279696268,0.9389473684210526,0.30861890908883405,0.001332714508223698,0.00589468761036135,0.9547368421052631,0.30426875493118116,0
114,25,0.4,0.4,0.02,0.4,0.4,0.8,0.2,effect,0.6000000000000001,1900,1911,0.0057561486132914706,0,-5.772685205090444e-4,0.002380248081791258,0.9489473684210527,0.19111286779025805,0.009425068667535452,0.0031364275462600877,0.9431578947368421,0.21528384520901037,7.933041653349071e-4,0.0030754791105302706,0.9263157894736842,0.2108045929634547,6.640086394789635e-4,0.002927675651287491,0.9468421052631579,0.20912855694827587,0
115,6,0.4,0.4,0.06,0.4,0.4,0.8,0.2,effect,0.6000000000000001,1900,2638,0.27975739196360877,0.16105263157894736,-0.005807984699224389,0.015989287402552198,0.9436842105263158,0.5052256640369863,0.01232434036057417,0.021096780873481775,0.9510526315789474,0.5783150850944678,-0.00432490217441478,0.021182005364985018,0.9068421052631579,0.5511907757232567,-0.003110087618449331,0.02021486073983152,0.9494736842105264,0.5591166939663735,0
116,12,0.4,0.4,0.06,0.4,0.4,0.8,0.2,effect,0.6000000000000001,1900,2047,0.0718124084025403,0,-0.004030790472902834,0.00854843417302682,0.9526315789473684,0.3571182680488474,0.011567451219465952,0.011090522720308013,0.9521052631578948,0.40674105856857345,-0.004437549043232181,0.011136786809730969,0.9152631578947369,0.391966088348287,-0.003931977359290906,0.010685402007809309,0.9426315789473684,0.3933195500387953,0
117,25,0.4,0.4,0.06,0.4,0.4,0.8,0.2,effect,0.6000000000000001,1900,1904,0.0021008403361344537,0,-0.0012051436791615244,0.0038286560623757727,0.958421052631579,0.24754005721924496,0.014201828661761451,0.005085049836262582,0.9521052631578948,0.2784648846977896,1.438162263230347e-4,0.004943930799886429,0.9394736842105263,0.2708045733482416,-3.6284016658982843e-4,0.004781854614269162,0.9494736842105264,0.2706994875496557,0
118,6,0.4,0.4,0.36,0.4,0.4,0.8,0.2,effect,0.6000000000000001,1900,2617,0.27397783721818875,0.17894736842105263,-0.0011451641773233545,0.0639822892036989,0.9573684210526315,1.0119693548737656,0.0750410256017815,0.08873833559501357,0.9505263157894737,1.1625434113636823,0.010369745223011595,0.08739985864392184,0.8657894736842106,1.046828054808776,0.007643063745960632,0.0802396799160996,0.9521052631578948,1.1226017493548424,0
119,12,0.4,0.4,0.36,0.4,0.4,0.8,0.2,effect,0.6000000000000001,1900,2008,0.053784860557768925,0,-0.0014705809028181527,0.03440189221260555,0.9526315789473684,0.715560503718437,0.06619246247356353,0.04796006198942462,0.9442105263157895,0.8200888207833654,0.005309791037047595,0.04655217915232513,0.8942105263157895,0.7514172293582385,-2.9797409732446045e-4,0.043099875352511,0.9484210526315789,0.7910138562906271,0
120,25,0.4,0.4,0.36,0.4,0.4,0.8,0.2,effect,0.6000000000000001,1900,1904,0.0021008403361344537,0,3.276589680296649e-4,0.016713991587528104,0.9473684210526315,0.4957881816339958,0.06266275806216709,0.02446703097680816,0.9305263157894736,0.5601286076168916,0.006851658649398018,0.02182811273308283,0.9194736842105263,0.5318103670730734,0.004104047323001125,0.02066058958800843,0.9410526315789474,0.5422567163621557,0
121,6,0.4,0.4,0,0.4,0.4,0.8,0.2,effect,0.8,1900,2658,0.28517682468021066,0.16105263157894736,-0.004296338921811138,0.0070213507289722515,0.9436842105263158,0.31725903874086425,0.004924786745815257,0.009311952227664306,0.9442105263157895,0.36314866065881085,-0.006018416290423156,0.009416459781807038,0.9521052631578948,0.3989938669362513,-0.0038397632596761655,0.00897412753883478,0.9378947368421052,0.3512055828735308,0
122,12,0.4,0.4,0,0.4,0.4,0.8,0.2,effect,0.8,1900,2035,0.06633906633906633,0,-0.0051546575757439594,0.0031636922731072027,0.9478947368421052,0.22403478810868,0.00201529357465563,0.004137109992966772,0.9542105263157895,0.255541009450546,-0.007802309120995554,0.00430788824092498,0.9589473684210527,0.27244136839096494,-0.005601503332447022,0.004012310813271485,0.9484210526315789,0.24721058661225906,0
123,25,0.4,0.4,0,0.4,0.4,0.8,0.2,effect,0.8,1900,1904,0.0021008403361344537,0,-1.93647649284312e-4,0.001542669211472636,0.9531578947368421,0.15505802997674722,0.0053084941786694095,0.0019519513324169663,0.95,0.17457313242652955,-0.003066970384158929,0.0019521435498179572,0.9594736842105264,0.18209256028315543,-0.0016920621542860226,0.0018778823683205327,0.9484210526315789,0.16964692542260035,0
124,6,0.4,0.4,0.02,0.4,0.4,0.8,0.2,effect,0.8,1900,2691,0.2939427722036418,0.15263157894736842,-9.379222356096228e-4,0.009561317596184869,0.9505263157894737,0.39053993332988146,0.011602696206610086,0.012668917265522201,0.95,0.4467727497181467,-0.0023518985672650317,0.01270783271565414,0.9357894736842105,0.4460322503377212,-5.945757941585583e-4,0.012140444156865512,0.9457894736842105,0.43214524595143905,0
125,12,0.4,0.4,0.02,0.4,0.4,0.8,0.2,effect,0.8,1900,2027,0.06265416872224963,0,0.001951645587726425,0.00539869008164703,0.9394736842105263,0.2759272366082444,0.012350285519357851,0.007092933899858223,0.9378947368421052,0.3142297182513596,-5.935657008275252e-4,0.00707931789737613,0.9247368421052632,0.3104185030640206,-1.973514485270611e-4,0.006685285014407127,0.9384210526315789,0.30384940500285357,0
126,25,0.4,0.4,0.02,0.4,0.4,0.8,0.2,effect,0.8,1900,1909,0.004714510214772132,0,-0.002409917731319655,0.0023479742356036395,0.9489473684210527,0.19116391569148938,0.007249736322145317,0.003077598232616071,0.9489473684210527,0.21505677821421398,-0.004204024399707684,0.0030492210167878675,0.9321052631578948,0.21147085244316718,-0.003708734334376129,0.0029535747324029695,0.9442105263157895,0.20892537766381974,0
127,6,0.4,0.4,0.06,0.4,0.4,0.8,0.2,effect,0.8,1900,2683,0.29183749534103615,0.15526315789473685,-0.004771782237521616,0.0158035289662148,0.9563157894736842,0.5053219464207181,0.013924999143259176,0.02109130133052077,0.9531578947368421,0.5795807323703022,-0.00896060001650023,0.021694906289377362,0.9042105263157895,0.5516222228493897,-0.007685477394778484,0.020307610270627025,0.9489473684210527,0.5599271552313972,0
128,12,0.4,0.4,0.06,0.4,0.4,0.8,0.2,effect,0.8,1900,2035,0.06633906633906633,0,-0.0041347285514289345,0.008398282926952065,0.9542105263157895,0.3572493372365,0.014331792414078448,0.011405494116449593,0.9457894736842105,0.40721834134829016,-0.006651655215846319,0.011642431252223352,0.911578947368421,0.3906463831894312,-0.006585207888393785,0.0108319682614907,0.9436842105263158,0.3938316120278746,0
129,25,0.4,0.4,0.06,0.4,0.4,0.8,0.2,effect,0.8,1900,1905,0.0026246719160104987,0,-0.0013445391710420473,0.003999460220177261,0.9552631578947368,0.24750262640628232,0.015040580534323278,0.005359640013814768,0.9442105263157895,0.27821454450312977,-0.0035857137257850336,0.005222809411762652,0.9247368421052632,0.2706565116919903,-0.00351316144071534,0.005021304362681236,0.9484210526315789,0.2702728420766454,0
130,6,0.4,0.4,0.36,0.4,0.4,0.8,0.2,effect,0.8,1900,2615,0.2734225621414914,0.18105263157894738,-0.011139972596285797,0.06298690228565745,0.9552631578947368,1.0119936578619637,0.06266978958416808,0.08495158540918538,0.9510526315789474,1.1584933560521462,-0.020802281524168853,0.08632799156120557,0.8773684210526316,1.0541841490599835,-0.024189518679651967,0.08013831314307206,0.9505263157894737,1.1187562544622256,0
131,12,0.4,0.4,0.36,0.4,0.4,0.8,0.2,effect,0.8,1900,2006,0.05284147557328016,0,0.0031815185585239436,0.03323915759325542,0.9536842105263158,0.7155809280323585,0.07119644060592045,0.047743353035443054,0.9405263157894737,0.8162812745416287,-0.007664488108624745,0.04628864344389745,0.8931578947368422,0.7559185168510614,-0.010395562659089752,0.04270974193236062,0.9410526315789474,0.7869545481930995,0
132,25,0.4,0.4,0.36,0.4,0.4,0.8,0.2,effect,0.8,1900,1911,0.0057561486132914706,0,0.0028555458703253267,0.01607507013715181,0.9478947368421052,0.4957692580632648,0.06918832756731164,0.024067300832180765,0.9247368421052632,0.560323050349306,-0.004727148942054282,0.02144840074565754,0.9189473684210526,0.5290433091050323,-0.005768743354194472,0.020174262178786543,0.95,0.5399101403631248,0
133,6,0.4,0.4,0,0.4,0.4,0.8,0.2,effect,1,1900,2630,0.27756653992395436,0.16157894736842104,-6.933494813178842e-4,0.006373544205348018,0.9505263157894737,0.31669887827692017,0.006432488808707726,0.008286102789173827,0.95,0.36295135569963,-0.007392812773593049,0.008434492841735112,0.9568421052631579,0.39841220303806285,-0.003513718912506014,0.008027437857321218,0.9457894736842105,0.35084883108222586,0
134,12,0.4,0.4,0,0.4,0.4,0.8,0.2,effect,1,1900,2037,0.06725576828669612,0,9.058395430797672e-4,0.00328278314591051,0.9526315789473684,0.22404149820606395,0.007361457484152678,0.004465885459723919,0.9431578947368421,0.25486789950592487,-0.004609043897318921,0.004491037545681465,0.9563157894736842,0.272077298124767,-0.0019936539735059267,0.004224337724769857,0.94,0.2466300338058927,0
135,25,0.4,0.4,0,0.4,0.4,0.8,0.2,effect,1,1900,1903,0.0015764582238570678,0,-4.623440892251862e-4,0.001604510419777519,0.9463157894736842,0.15512715603466995,0.006634491488374528,0.0021225722234126483,0.9505263157894737,0.1746165243539049,-0.003809296479681812,0.002107172519478409,0.9547368421052631,0.18238020799954052,-0.0021291176890844143,0.0020070993657420265,0.9473684210526315,0.169681737584777,0
136,6,0.4,0.4,0.02,0.4,0.4,0.8,0.2,effect,1,1900,2629,0.27729174591099276,0.16631578947368422,0.0033780179176906566,0.009953867367513396,0.9457894736842105,0.390555406989976,0.013521186204950686,0.013516242806998924,0.9447368421052632,0.4469166781982764,-0.004690614920740965,0.013572860170896307,0.9247368421052632,0.45456192654280686,-7.114060389003529e-4,0.013047818751291422,0.9415789473684211,0.43225351711811355,0
137,12,0.4,0.4,0.02,0.4,0.4,0.8,0.2,effect,1,1900,2035,0.06633906633906633,0,-0.0010611788479248374,0.004868481558749991,0.9526315789473684,0.27598805157192935,0.008553057710397882,0.006449894223647902,0.9457894736842105,0.31405125926882793,-0.007530200757621508,0.0066164246915875755,0.9357894736842105,0.31124887262896367,-0.005093171417773379,0.006222138870921209,0.9421052631578948,0.304078502579313,0
138,25,0.4,0.4,0.02,0.4,0.4,0.8,0.2,effect,1,1900,1907,0.0036706869428421605,0,-8.209959134068967e-4,0.0024003218106565063,0.9494736842105264,0.19116162477207482,0.010711498215069726,0.0031203825635059607,0.9463157894736842,0.21501482729183433,-0.0034429068067479696,0.0031324503760695815,0.93,0.2115684364141568,-0.0027745033572097455,0.002965968441021011,0.9410526315789474,0.20897155459611655,0
139,6,0.4,0.4,0.06,0.4,0.4,0.8,0.2,effect,1,1900,2673,0.289188178077067,0.1563157894736842,-0.004864402914358801,0.016251085235133734,0.958421052631579,0.5053072171014262,0.016024948052438204,0.021847141090409347,0.9563157894736842,0.5799749633456249,-0.012979457763097058,0.022334004975237798,0.8984210526315789,0.5531230738896625,-0.011311310258781626,0.020906887788826795,0.9521052631578948,0.5604006826431159,0
140,12,0.4,0.4,0.06,0.4,0.4,0.8,0.2,effect,1,1900,2026,0.06219151036525173,0,0.0017500508525594705,0.008470241731099915,0.9521052631578948,0.35721203406576024,0.01819879045678563,0.01126323931290072,0.9410526315789474,0.40675775669588277,-0.0072058968212581065,0.01157116769662572,0.9073684210526316,0.38627732144782384,-0.006484917078054875,0.010779994789511941,0.9384210526315789,0.3933283877198525,0
141,25,0.4,0.4,0.06,0.4,0.4,0.8,0.2,effect,1,1900,1907,0.0036706869428421605,0,-0.0014417852500195893,0.003745293025901631,0.9542105263157895,0.24750323553973522,0.015923894851769982,0.0051198271591424305,0.9505263157894737,0.2776173018216698,-0.006436670602806893,0.005041426577113185,0.9363157894736842,0.26844591857114586,-0.0058648412541105754,0.00484913575709744,0.9473684210526315,0.2697515099821501,0
142,6,0.4,0.4,0.36,0.4,0.4,0.8,0.2,effect,1,1900,2647,0.2822062712504722,0.1726315789473684,-0.0017758895754423354,0.06353607652894723,0.9536842105263158,1.012078466950425,0.07332237039404071,0.08781863886421128,0.95,1.1616172603543005,-0.0325450590313503,0.09142590689549314,0.8742105263157894,1.0481296265102578,-0.030808040909399925,0.08132472725466043,0.9510526315789474,1.1209898583831939,0
143,12,0.4,0.4,0.36,0.4,0.4,0.8,0.2,effect,1,1900,1997,0.0485728592889334,0,-0.004290333284098946,0.03300892552515477,0.9568421052631579,0.7156122877051088,0.06613955663277865,0.0471476155096518,0.9431578947368421,0.8209664594736599,-0.03773478024014054,0.05049895256362513,0.8931578947368422,0.7626998038661815,-0.03361193047929656,0.045025591795871865,0.9510526315789474,0.7859664248236348,0
144,25,0.4,0.4,0.36,0.4,0.4,0.8,0.2,effect,1,1900,1903,0.0015764582238570678,0,-0.001810222709560383,0.016642617169658338,0.9478947368421052,0.4957861234758233,0.06332910100535338,0.024431917587946245,0.9247368421052632,0.5618607939805337,-0.028722495465160536,0.02391249493179879,0.911578947368421,0.5260036076096639,-0.027681485512162263,0.02229800894407401,0.9347368421052632,0.536900953414165,0
